Order_ID,Gender_Category,Product_Line,Product_Name,Units_Sold,MRP,Discount_Applied,Revenue,Order_Date,Sales_Channel,Region,Profit
2001,Women,Soccer,Tiempo Legend,3,4957.93,0.0,14873.79,2024-07-09,Retail,Hyderabad,14873.79
2010,Kids,Lifestyle,Waffle One,1,7949.83,0.0,7949.83,2025-01-16,Online,Pune,7949.83
2017,Women,Basketball,Air Jordan,4,6924.74,0.0,27698.96,2025-03-17,Retail,Delhi,27698.96
2026,Kids,Lifestyle,Blazer Mid,1,5701.84,0.16,5701.68,2024-08-10,Retail,Kolkata,4789.55
2031,Men,Soccer,Premier III,4,3493.04,0.82,13968.88,2024-05-09,Online,Delhi,2514.99
2032,Women,Lifestyle,Blazer Mid,1,5701.84,1.07,5700.77,2025-04-11,Retail,Mumbai,-399.13
2035,Kids,Basketball,Zoom Freak,4,6361.42,0.38,25444.16,2024-11-17,Online,Bangalore,15776.32
2036,Men,Training,Metcon 7,3,6226.83,0.0,18680.49,2025-02-15,Retail,Bangalore,18680.49
2002,Women,Basketball,Zoom Freak,3,5075.22,0.0,15225.66,2025-03-07,Retail,Delhi,15225.66
2045,Kids,Lifestyle,Dunk Low,4,6258.21,0.0,25032.84,2025-04-06,Retail,Delhi,25032.84
2047,Women,Training,SuperRep Go,1,8577.75,0.0,8577.75,2024-06-13,Retail,Bangalore,8577.75
2052,Men,Training,Flex Trainer,3,9155.96,0.0,27467.88,2024-10-08,Retail,Pune,27467.88
2053,Men,Lifestyle,Air Force 1,3,6009.58,0.0,18028.74,2024-10-02,Online,Delhi,18028.74
2056,Men,Running,React Infinity,3,6903.96,0.0,20711.88,2024-05-31,Retail,Bangalore,20711.88
2048,Men,Lifestyle,Waffle One,3,6216.29,0.94,18646.05,2024-09-14,Online,Mumbai,1118.93
2060,Men,Lifestyle,Waffle One,2,7979.26,0.0,15958.52,2024-07-11,Online,Bangalore,15958.52
2062,Men,Basketball,Air Jordan,2,6924.74,0.0,13849.48,2025-06-06,Online,Bangalore,13849.48
2063,Women,Basketball,Air Jordan,1,9751.0,0.16,9750.84,2024-09-06,Retail,Pune,8190.84
2064,Kids,Running,React Infinity,2,7557.71,0.0,15115.42,2025-03-02,Online,Bangalore,15115.42
2067,Kids,Basketball,LeBron 20,4,3588.38,0.0,14353.52,2025-05-06,Online,Kolkata,14353.52
2068,Men,Running,Free RN,4,2553.29,0.0,10213.16,2024-12-05,Retail,Mumbai,10213.16
2071,Kids,Lifestyle,Blazer Mid,3,7849.81,0.49,23547.96,2025-01-12,Retail,Pune,12010.21
2073,Women,Lifestyle,Blazer Mid,4,5701.84,0.85,22803.96,2024-11-03,Online,Hyderabad,3421.1
2075,Kids,Basketball,Air Jordan,4,4251.74,0.0,17006.96,2025-07-14,Online,Pune,17006.96
2084,Men,Training,Metcon 7,2,6226.83,0.0,12453.66,2023-12-24,Online,Mumbai,12453.66
2088,Women,Running,Free RN,4,5603.46,0.0,22413.84,2025-04-26,Online,Bangalore,22413.84
2089,Women,Training,Flex Trainer,2,6874.77,0.6,13748.34,2024-12-02,Online,Mumbai,5499.82
2094,Kids,Training,Flex Trainer,1,4276.36,0.0,4276.36,2024-11-10,Retail,Delhi,4276.36
2096,Men,Running,Pegasus Turbo,2,6442.2,0.0,12884.4,2024-12-24,Online,Kolkata,12884.4
2099,Kids,Soccer,Mercurial Superfly,2,6059.33,0.32,12118.02,2025-02-01,Retail,Mumbai,8240.69
2100,Kids,Soccer,Phantom GT,1,5937.52,0.0,5937.52,2025-07-11,Retail,Mumbai,5937.52
2105,Kids,Training,Metcon 7,2,5744.7,0.0,11489.4,2024-11-17,Retail,Mumbai,11489.4
2107,Women,Running,React Infinity,4,6903.96,0.0,27615.84,2024-08-30,Online,Hyderabad,27615.84
2110,Kids,Running,Air Zoom,1,5899.31,0.42,5898.89,2024-12-25,Retail,Pune,3421.6
2118,Kids,Basketball,Zoom Freak,2,8426.54,0.0,16853.08,2023-09-21,Online,hyderbad,16853.08
2130,Men,Soccer,Premier III,3,5509.83,0.24,16528.77,2024-09-14,Online,Bangalore,12562.41
2135,Men,Basketball,Zoom Freak,2,9106.61,0.74,18211.74,2024-11-03,Retail,hyderbad,4735.44
2136,Kids,Training,ZoomX Invincible,1,7101.27,0.0,7101.27,2024-09-15,Online,Pune,7101.27
2138,Men,Running,Pegasus Turbo,2,8055.2,0.0,16110.4,2025-06-14,Online,Mumbai,16110.4
2144,Women,Lifestyle,Waffle One,4,6191.01,0.0,24764.04,2025-03-30,Online,Kolkata,24764.04
2150,Women,Basketball,LeBron 20,2,3313.21,0.48,6625.46,2025-07-06,Online,Bangalore,3445.74
2151,Kids,Soccer,Tiempo Legend,4,5619.75,0.0,22479.0,2025-05-27,Online,Bangalore,22479.0
2157,Kids,Soccer,Premier III,1,5509.83,0.0,5509.83,2025-04-29,Online,Delhi,5509.83
2165,Kids,Training,SuperRep Go,4,4577.65,0.0,18310.6,2024-11-11,Retail,Kolkata,18310.6
2169,Kids,Training,Flex Trainer,4,4046.05,0.01,16184.16,2024-12-14,Retail,Delhi,16022.36
2176,Men,Soccer,Mercurial Superfly,4,6059.33,0.0,24237.32,2025-01-04,Online,Bangalore,24237.32
2178,Men,Running,Free RN,1,5603.46,0.0,5603.46,2024-10-28,Retail,Bangalore,5603.46
2179,Women,Training,ZoomX Invincible,3,7101.27,0.0,21303.81,2024-01-26,Retail,Pune,21303.81
2181,Women,Lifestyle,Air Force 1,2,6189.67,0.0,12379.34,2025-01-06,Retail,Delhi,12379.34
2185,Women,Training,ZoomX Invincible,4,4207.44,0.59,16827.4,2025-06-08,Online,Kolkata,6900.2
2189,Men,Training,SuperRep Go,3,5401.36,0.9,16201.38,2024-10-02,Online,Hyderabad,1620.41
2191,Men,Lifestyle,Air Force 1,3,6189.67,0.0,18569.01,2024-09-28,Retail,Pune,18569.01
2196,Kids,Soccer,Premier III,2,2708.73,0.0,5417.46,2025-06-30,Online,Delhi,5417.46
2197,Kids,Training,ZoomX Invincible,3,7101.27,0.0,21303.81,2024-10-06,Online,Bangalore,21303.81
2198,Men,Training,SuperRep Go,4,5401.36,0.65,21602.84,2025-01-05,Online,Pune,7561.9
2000,Kids,Training,Metcon 7,4,6226.83,0.94,24903.56,2024-02-27,Retail,Bangalore,1494.44
2215,Men,Basketball,Zoom Freak,3,6361.42,0.36,19083.18,2024-12-16,Online,Kolkata,12213.93
2221,Kids,Lifestyle,Waffle One,2,3375.97,0.0,6751.94,2024-01-06,Retail,Mumbai,6751.94
2222,Men,Training,ZoomX Invincible,2,8897.19,0.11,17794.16,2024-12-21,Retail,Mumbai,15837.0
2234,Men,Training,Flex Trainer,4,6189.1,1.12,24751.92,2024-12-21,Retail,Bangalore,-2970.77
2042,Men,Basketball,Kyrie Flytrap,1,5254.47,0.0,5254.47,2025-02-26,Retail,Bangalore,5254.47
2248,Men,Training,Metcon 7,4,8249.96,0.24,32998.88,2024-01-16,Online,Bangalore,25079.88
2046,Men,Basketball,Air Jordan,2,9593.65,0.0,19187.3,2025-01-11,Online,hyderbad,19187.3
2257,Men,Basketball,Kyrie Flytrap,1,4997.93,0.0,4997.93,2025-02-09,Online,Mumbai,4997.93
2260,Women,Lifestyle,Dunk Low,2,6258.21,0.0,12516.42,2024-12-12,Retail,Pune,12516.42
2264,Men,Training,ZoomX Invincible,4,5622.32,1.08,22484.96,2024-04-22,Retail,Bangalore,-1799.14
2268,Men,Soccer,Mercurial Superfly,3,7330.81,0.0,21992.43,2023-11-16,Online,Kolkata,21992.43
2269,Women,Training,ZoomX Invincible,4,6424.32,0.0,25697.28,2024-07-14,Retail,Mumbai,25697.28
2270,Men,Running,React Infinity,1,6903.96,1.03,6902.93,2025-06-06,Retail,Pune,-207.12
2038,Women,Training,ZoomX Invincible,1,7338.57,0.0,7338.57,2024-10-21,Retail,Delhi,7338.57
2274,Women,Training,Metcon 7,4,6226.83,0.45,24905.52,2025-06-13,Online,Bangalore,13699.03
2281,Kids,Lifestyle,Waffle One,2,6191.01,0.0,12382.02,2025-07-13,Retail,Kolkata,12382.02
2283,Men,Soccer,Mercurial Superfly,1,6059.33,0.0,6059.33,2024-08-21,Retail,Delhi,6059.33
2292,Women,Running,Free RN,2,5603.46,1.1,11204.72,2024-11-05,Online,Kolkata,-1120.69
2293,Women,Basketball,Air Jordan,3,6924.74,0.0,20774.22,2025-05-13,Retail,Mumbai,20774.22
2299,Kids,Soccer,Phantom GT,2,5413.61,0.77,10825.68,2025-05-09,Online,hyderbad,2490.26
2300,Men,Basketball,Air Jordan,3,6331.64,0.78,18992.58,2024-08-17,Retail,Delhi,4178.88
2303,Kids,Running,Free RN,2,2504.09,0.0,5008.18,2024-12-24,Retail,Hyderabad,5008.18
2306,Kids,Basketball,Air Jordan,1,8267.56,0.29,8267.27,2024-11-10,Retail,Bangalore,5869.97
2307,Women,Running,Free RN,2,9369.1,0.0,18738.2,2025-06-18,Retail,Kolkata,18738.2
2026,Women,Training,Flex Trainer,4,5456.64,0.26,21825.52,2024-09-25,Online,Delhi,16151.65
2314,Women,Soccer,Mercurial Superfly,2,6059.33,0.86,12116.94,2024-12-09,Retail,Mumbai,1696.61
2318,Men,Soccer,Phantom GT,2,5413.61,0.25,10826.72,2025-04-04,Retail,Delhi,8120.41
2326,Women,Lifestyle,Dunk Low,4,9936.94,0.0,39747.76,2024-12-10,Retail,Kolkata,39747.76
2327,Men,Training,Flex Trainer,4,6640.67,0.0,26562.68,2025-03-21,Retail,Delhi,26562.68
2328,Men,Lifestyle,Waffle One,2,6449.46,0.29,12898.34,2024-11-09,Online,Mumbai,9158.23
2329,Men,Basketball,Kyrie Flytrap,4,4981.26,0.0,19925.04,2025-06-05,Online,Mumbai,19925.04
2334,Women,Training,SuperRep Go,4,5401.36,0.82,21602.16,2024-06-06,Retail,Mumbai,3888.98
2336,Kids,Soccer,Mercurial Superfly,4,8482.43,0.0,33929.72,2023-10-22,Online,Pune,33929.72
2340,Women,Running,Free RN,3,5603.46,0.91,16807.65,2024-08-07,Online,Mumbai,1512.93
2349,Kids,Soccer,Tiempo Legend,3,5521.21,0.0,16563.63,2023-10-25,Online,Delhi,16563.63
2350,Men,Running,Air Zoom,4,8228.88,0.0,32915.52,2025-03-21,Retail,Delhi,32915.52
2351,Men,Basketball,LeBron 20,3,4179.34,0.0,12538.02,2024-07-29,Retail,Pune,12538.02
2355,Women,Lifestyle,Waffle One,1,6191.01,0.0,6191.01,2024-07-26,Retail,Bangalore,6191.01
2358,Men,Basketball,LeBron 20,4,5733.19,0.0,22932.76,2025-02-24,Online,Pune,22932.76
2362,Women,Lifestyle,Blazer Mid,2,5701.84,1.04,11401.6,2024-12-09,Online,Bangalore,-456.15
2367,Kids,Lifestyle,Dunk Low,4,6202.99,0.84,24808.6,2024-11-12,Online,Bangalore,3969.91
2370,Men,Running,Pegasus Turbo,2,6442.2,0.0,12884.4,2025-02-04,Online,Delhi,12884.4
2371,Kids,Training,Flex Trainer,1,5456.64,0.05,5456.59,2025-04-15,Online,Kolkata,5183.81
2377,Men,Basketball,LeBron 20,4,5733.19,0.0,22932.76,2025-07-02,Online,Mumbai,22932.76
2379,Men,Lifestyle,Air Force 1,4,6189.67,0.0,24758.68,2024-04-09,Online,Mumbai,24758.68
2380,Men,Soccer,Phantom GT,1,7932.85,0.0,7932.85,2024-12-09,Retail,Delhi,7932.85
2381,Kids,Lifestyle,Dunk Low,3,4834.65,1.02,14500.89,2024-10-12,Retail,Pune,-290.08
2382,Men,Lifestyle,Waffle One,4,6191.01,0.0,24764.04,2024-03-09,Retail,Mumbai,24764.04
2384,Women,Training,SuperRep Go,3,2070.97,1.25,6209.16,2024-09-05,Online,Delhi,-1553.23
2387,Women,Basketball,Kyrie Flytrap,3,4997.93,0.0,14993.79,2024-09-21,Online,Pune,14993.79
2388,Kids,Running,Air Zoom,1,5321.46,0.0,5321.46,2024-09-02,Retail,Bangalore,5321.46
2002,Women,Training,ZoomX Invincible,4,6820.42,0.0,27281.68,2024-10-03,Retail,Kolkata,27281.68
2395,Kids,Soccer,Premier III,1,5509.83,0.0,5509.83,2025-07-08,Online,Pune,5509.83
2025,Kids,Training,ZoomX Invincible,4,6743.07,0.0,26972.28,2024-10-09,Online,Pune,26972.28
2405,Men,Basketball,Kyrie Flytrap,1,4997.93,0.0,4997.93,2024-11-17,Online,Kolkata,4997.93
2406,Men,Training,Metcon 7,4,6458.72,0.0,25834.88,2023-09-17,Online,Mumbai,25834.88
2408,Men,Soccer,Premier III,1,5509.83,0.0,5509.83,2024-10-09,Retail,Bangalore,5509.83
2415,Women,Running,Free RN,3,6178.39,0.0,18535.17,2024-07-22,Retail,Bangalore,18535.17
2416,Kids,Soccer,Mercurial Superfly,3,6245.23,1.15,18732.24,2024-12-14,Retail,Mumbai,-2810.35
2421,Women,Running,React Infinity,2,8136.39,0.0,16272.78,2025-03-10,Retail,Pune,16272.78
2422,Kids,Soccer,Tiempo Legend,4,5521.21,0.0,22084.84,2024-07-23,Retail,Mumbai,22084.84
2428,Kids,Basketball,Kyrie Flytrap,2,4997.93,0.0,9995.86,2024-12-07,Retail,Mumbai,9995.86
2430,Women,Soccer,Tiempo Legend,3,5521.21,0.1,16563.33,2025-07-09,Online,Pune,14907.27
2431,Women,Lifestyle,Blazer Mid,1,5701.84,0.0,5701.84,2024-11-15,Online,Hyderabad,5701.84
2432,Women,Basketball,Zoom Freak,1,3036.61,0.86,3035.75,2024-10-26,Online,Mumbai,425.13
2437,Women,Running,Pegasus Turbo,3,6442.2,0.53,19325.01,2024-07-31,Retail,hyderbad,9083.5
2443,Women,Basketball,LeBron 20,1,6271.66,0.0,6271.66,2025-03-15,Retail,Mumbai,6271.66
2444,Women,Lifestyle,Blazer Mid,3,3676.04,0.0,11028.12,2025-05-25,Retail,Pune,11028.12
2003,Women,Lifestyle,Waffle One,2,8516.45,0.22,17032.46,2023-09-30,Online,Kolkata,13285.66
2451,Kids,Soccer,Premier III,2,5509.83,0.54,11018.58,2023-11-04,Online,Mumbai,5069.04
2460,Women,Basketball,Zoom Freak,2,5482.96,0.35,10965.22,2024-11-04,Online,Kolkata,7127.85
2464,Women,Lifestyle,Blazer Mid,3,2699.59,0.0,8098.77,2024-06-30,Retail,Hyderabad,8098.77
2465,Kids,Lifestyle,Blazer Mid,1,7814.02,0.0,7814.02,2025-03-22,Retail,Pune,7814.02
2467,Kids,Training,SuperRep Go,1,8484.82,0.0,8484.82,2023-11-05,Online,Mumbai,8484.82
2469,Men,Training,Metcon 7,4,6226.83,1.08,24903.0,2025-05-21,Retail,Mumbai,-1992.59
2475,Men,Running,Free RN,2,5603.46,1.06,11204.8,2025-01-07,Online,Bangalore,-672.42
2478,Women,Soccer,Mercurial Superfly,2,6059.33,0.62,12117.42,2025-05-12,Online,Pune,4605.09
2481,Women,Soccer,Premier III,1,9145.37,0.07,9145.3,2025-04-17,Online,Pune,8505.19
2487,Men,Running,Air Zoom,3,5881.13,0.8,17640.99,2025-03-31,Online,hyderbad,3528.68
2489,Men,Lifestyle,Air Force 1,4,6189.67,0.18,24757.96,2024-10-02,Retail,hyderbad,20302.12
2490,Women,Soccer,Premier III,3,5015.19,0.75,15043.32,2024-11-26,Online,hyderbad,3761.39
2493,Women,Soccer,Premier III,3,6042.94,0.0,18128.82,2024-11-26,Retail,Kolkata,18128.82
2494,Kids,Lifestyle,Dunk Low,2,6258.21,0.0,12516.42,2024-11-20,Retail,Mumbai,12516.42
2495,Kids,Basketball,LeBron 20,3,5733.19,1.11,17196.24,2025-01-20,Retail,Bangalore,-1891.95
2496,Kids,Running,React Infinity,2,4110.72,0.32,8220.8,2024-12-24,Retail,Bangalore,5590.58
2497,Kids,Basketball,Air Jordan,1,6924.74,0.0,6924.74,2023-11-29,Online,Mumbai,6924.74
2507,Men,Soccer,Phantom GT,2,5413.61,0.0,10827.22,2024-03-13,Retail,hyderbad,10827.22
2513,Women,Basketball,Zoom Freak,4,9848.8,0.0,39395.2,2024-10-11,Online,Pune,39395.2
2514,Kids,Basketball,Air Jordan,1,6924.74,0.0,6924.74,2025-05-26,Online,Bangalore,6924.74
2521,Kids,Lifestyle,Blazer Mid,4,3645.35,0.0,14581.4,2024-09-25,Online,Kolkata,14581.4
2522,Men,Running,Pegasus Turbo,4,6243.91,0.0,24975.64,2024-02-13,Retail,Kolkata,24975.64
2525,Women,Training,Metcon 7,2,6226.83,0.0,12453.66,2025-02-18,Retail,Kolkata,12453.66
2526,Kids,Lifestyle,Waffle One,1,6191.01,0.0,6191.01,2024-08-01,Retail,Hyderabad,6191.01
2528,Women,Training,ZoomX Invincible,2,7101.27,0.0,14202.54,2025-06-10,Online,Delhi,14202.54
2530,Women,Lifestyle,Dunk Low,2,4357.79,0.0,8715.58,2025-02-27,Retail,Mumbai,8715.58
2535,Men,Soccer,Tiempo Legend,2,2786.84,0.21,5573.26,2025-01-25,Online,Mumbai,4403.21
2538,Men,Lifestyle,Waffle One,2,9701.24,0.0,19402.48,2024-10-06,Retail,Kolkata,19402.48
2547,Women,Soccer,Mercurial Superfly,1,3068.13,0.0,3068.13,2025-07-08,Retail,Kolkata,3068.13
2550,Men,Soccer,Premier III,1,6121.21,0.05,6121.16,2023-09-08,Online,Kolkata,5815.15
2552,Women,Soccer,Premier III,1,5509.83,0.41,5509.42,2025-05-03,Retail,hyderbad,3250.8
2554,Women,Training,Flex Trainer,1,6755.56,0.0,6755.56,2025-01-13,Retail,Bangalore,6755.56
2557,Men,Basketball,LeBron 20,3,5733.19,0.0,17199.57,2024-11-09,Retail,Kolkata,17199.57
2559,Men,Lifestyle,Air Force 1,3,6011.84,0.0,18035.52,2025-02-10,Online,Kolkata,18035.52
2560,Kids,Basketball,Zoom Freak,2,6361.42,0.0,12722.84,2025-01-16,Retail,Delhi,12722.84
2562,Kids,Training,ZoomX Invincible,1,7101.27,0.0,7101.27,2024-12-21,Retail,Mumbai,7101.27
2563,Men,Soccer,Mercurial Superfly,2,9443.35,0.54,18885.62,2025-04-13,Retail,Kolkata,8687.88
2565,Women,Lifestyle,Dunk Low,4,3028.41,0.0,12113.64,2024-09-18,Online,Mumbai,12113.64
2567,Women,Running,Air Zoom,3,5899.31,0.0,17697.93,2024-09-15,Online,Pune,17697.93
2569,Women,Basketball,Air Jordan,2,9605.11,0.88,19208.46,2024-08-24,Online,hyderbad,2305.23
2575,Men,Training,Metcon 7,2,3582.67,0.0,7165.34,2025-07-03,Online,hyderbad,7165.34
2578,Men,Lifestyle,Blazer Mid,2,5701.84,0.0,11403.68,2025-05-10,Retail,Bangalore,11403.68
2579,Kids,Lifestyle,Dunk Low,3,9541.83,0.0,28625.49,2024-07-26,Online,Delhi,28625.49
2580,Kids,Training,Flex Trainer,1,2749.79,0.0,2749.79,2024-12-06,Retail,Kolkata,2749.79
2589,Men,Training,Metcon 7,3,6226.83,0.0,18680.49,2024-09-17,Online,Kolkata,18680.49
2594,Women,Training,ZoomX Invincible,3,7944.34,0.67,23831.01,2024-02-23,Retail,hyderbad,7864.9
2597,Kids,Running,Air Zoom,3,3348.83,0.0,10046.49,2024-12-05,Online,Bangalore,10046.49
2600,Kids,Lifestyle,Air Force 1,3,6189.67,0.0,18569.01,2024-11-04,Online,Pune,18569.01
2601,Women,Soccer,Tiempo Legend,1,5521.21,0.0,5521.21,2024-09-27,Retail,Delhi,5521.21
2602,Kids,Running,Free RN,2,3518.53,0.0,7037.06,2024-11-17,Online,Pune,7037.06
2047,Men,Soccer,Phantom GT,4,6136.45,0.0,24545.8,2024-12-17,Online,Kolkata,24545.8
2615,Women,Soccer,Phantom GT,3,3042.37,0.12,9126.75,2025-03-24,Online,Pune,8031.86
2619,Kids,Lifestyle,Waffle One,4,6191.01,0.65,24761.44,2024-01-22,Online,Hyderabad,8667.41
2621,Kids,Soccer,Phantom GT,3,6466.57,0.59,19397.94,2024-05-19,Online,Bangalore,7953.88
2628,Kids,Basketball,Kyrie Flytrap,4,4997.93,0.44,19989.96,2025-06-29,Retail,Pune,11195.36
2638,Men,Soccer,Premier III,1,5028.99,0.0,5028.99,2024-01-22,Online,Pune,5028.99
2640,Kids,Training,ZoomX Invincible,2,7900.02,0.0,15800.04,2024-08-02,Online,Bangalore,15800.04
2022,Kids,Training,ZoomX Invincible,3,7101.27,0.0,21303.81,2024-11-27,Retail,Mumbai,21303.81
2646,Men,Soccer,Premier III,1,5509.83,0.89,5508.94,2024-10-20,Retail,Kolkata,606.08
2651,Kids,Basketball,Air Jordan,1,6924.74,0.0,6924.74,2024-10-27,Online,Kolkata,6924.74
2652,Women,Basketball,Air Jordan,2,6924.74,1.08,13847.32,2025-04-10,Online,Delhi,-1107.96
2657,Kids,Running,Air Zoom,4,5899.31,0.0,23597.24,2025-04-07,Online,Delhi,23597.24
2658,Women,Lifestyle,Dunk Low,1,6258.21,0.0,6258.21,2025-04-26,Online,Delhi,6258.21
2663,Kids,Training,Metcon 7,2,6226.83,0.43,12452.8,2025-06-17,Retail,Delhi,7098.59
2664,Kids,Running,Pegasus Turbo,2,9103.08,0.0,18206.16,2024-12-11,Online,Mumbai,18206.16
2667,Women,Lifestyle,Air Force 1,3,9367.66,0.0,28102.98,2025-03-23,Online,Delhi,28102.98
2027,Men,Soccer,Premier III,4,7204.01,0.0,28816.04,2025-06-15,Retail,Delhi,28816.04
2672,Women,Lifestyle,Air Force 1,2,6189.67,0.0,12379.34,2024-08-04,Online,Mumbai,12379.34
2675,Women,Soccer,Premier III,3,5509.83,0.0,16529.49,2025-04-04,Online,Hyderabad,16529.49
2682,Men,Basketball,LeBron 20,4,5733.19,0.41,22931.12,2024-08-28,Retail,Pune,13530.33
2683,Kids,Lifestyle,Dunk Low,1,6258.21,0.0,6258.21,2025-06-12,Online,Mumbai,6258.21
2685,Kids,Lifestyle,Dunk Low,4,6258.21,0.0,25032.84,2025-05-22,Retail,Hyderabad,25032.84
2709,Kids,Running,Free RN,1,6302.98,0.48,6302.5,2025-03-08,Retail,Delhi,3277.55
2713,Men,Lifestyle,Air Force 1,1,7877.36,0.55,7876.81,2025-05-10,Retail,Kolkata,3544.81
2731,Kids,Lifestyle,Dunk Low,3,6258.21,0.0,18774.63,2025-03-28,Online,Kolkata,18774.63
2738,Women,Training,ZoomX Invincible,3,7101.27,0.39,21302.64,2025-05-11,Retail,Pune,12995.32
2739,Kids,Running,Free RN,2,5603.46,0.26,11206.4,2025-02-04,Online,Kolkata,8293.12
2003,Women,Training,ZoomX Invincible,4,7850.87,1.02,31399.4,2025-04-01,Online,Kolkata,-628.07
2754,Kids,Training,ZoomX Invincible,1,7101.27,0.0,7101.27,2025-01-03,Online,Kolkata,7101.27
2755,Men,Running,React Infinity,3,8574.0,0.0,25722.0,2024-12-24,Online,Bangalore,25722.0
2763,Women,Soccer,Phantom GT,4,3328.58,0.0,13314.32,2024-07-31,Online,Pune,13314.32
2773,Women,Training,ZoomX Invincible,1,5045.62,1.21,5044.41,2025-04-02,Online,hyderbad,-1059.58
2781,Men,Training,Metcon 7,1,6546.59,0.68,6545.91,2023-09-03,Retail,Bangalore,2094.91
2785,Women,Lifestyle,Blazer Mid,2,5701.84,0.0,11403.68,2024-10-20,Retail,Hyderabad,11403.68
2787,Kids,Training,Metcon 7,3,3440.88,0.0,10322.64,2024-08-31,Online,Pune,10322.64
2799,Kids,Training,SuperRep Go,3,2359.47,0.54,7076.79,2025-07-08,Online,Mumbai,3256.07
2801,Women,Running,React Infinity,2,6903.96,0.0,13807.92,2024-02-13,Retail,Mumbai,13807.92
2802,Men,Running,Free RN,3,5603.46,0.0,16810.38,2024-01-19,Online,Kolkata,16810.38
2806,Kids,Basketball,Kyrie Flytrap,3,4466.78,0.0,13400.34,2024-02-10,Online,Bangalore,13400.34
2807,Kids,Training,ZoomX Invincible,2,7101.27,0.0,14202.54,2024-10-01,Online,hyderbad,14202.54
2811,Men,Basketball,Zoom Freak,3,9153.02,0.0,27459.06,2025-01-24,Retail,Bangalore,27459.06
2812,Men,Basketball,LeBron 20,2,9507.39,0.01,19014.76,2024-08-08,Online,Kolkata,18824.63
2816,Men,Basketball,LeBron 20,3,5983.35,0.0,17950.05,2025-01-22,Retail,Hyderabad,17950.05
2032,Women,Soccer,Mercurial Superfly,2,6059.33,0.96,12116.74,2024-10-16,Online,Kolkata,484.75
2820,Women,Lifestyle,Blazer Mid,4,8659.15,0.0,34636.6,2024-08-05,Online,Mumbai,34636.6
2823,Men,Soccer,Mercurial Superfly,1,6059.33,0.0,6059.33,2024-07-27,Retail,Mumbai,6059.33
2824,Men,Basketball,Air Jordan,4,5123.35,0.0,20493.4,2024-11-02,Online,Mumbai,20493.4
2831,Women,Training,SuperRep Go,4,5401.36,0.0,21605.44,2024-11-10,Online,Mumbai,21605.44
2833,Women,Training,Flex Trainer,4,2224.9,0.0,8899.6,2025-01-19,Online,Pune,8899.6
2838,Women,Basketball,Air Jordan,4,8605.73,0.0,34422.92,2025-01-08,Retail,Pune,34422.92
2850,Kids,Lifestyle,Waffle One,2,6191.01,0.0,12382.02,2024-11-10,Retail,Pune,12382.02
2862,Kids,Soccer,Phantom GT,4,7940.29,1.02,31757.08,2024-11-11,Retail,Delhi,-635.22
2865,Women,Soccer,Phantom GT,1,5413.61,0.71,5412.9,2024-12-16,Retail,Kolkata,1569.95
2866,Kids,Training,SuperRep Go,2,5401.36,0.0,10802.72,2025-01-09,Online,Pune,10802.72
2867,Men,Soccer,Mercurial Superfly,1,9936.58,0.0,9936.58,2025-02-20,Online,Hyderabad,9936.58
2869,Kids,Soccer,Premier III,4,5509.83,0.0,22039.32,2024-07-26,Online,Pune,22039.32
2870,Kids,Training,Metcon 7,1,9633.68,0.0,9633.68,2024-10-05,Retail,Delhi,9633.68
2871,Men,Training,Flex Trainer,1,2294.09,0.0,2294.09,2025-07-22,Retail,Bangalore,2294.09
2875,Women,Lifestyle,Dunk Low,4,7401.53,0.0,29606.12,2024-09-16,Retail,Bangalore,29606.12
2050,Kids,Basketball,Zoom Freak,3,6361.42,0.0,19084.26,2025-06-30,Retail,Kolkata,19084.26
2892,Women,Running,Free RN,4,5603.46,0.0,22413.84,2024-11-24,Online,Bangalore,22413.84
2893,Women,Running,React Infinity,1,6903.96,0.61,6903.35,2025-04-01,Retail,Delhi,2692.54
2895,Kids,Running,React Infinity,3,6903.96,0.0,20711.88,2024-08-03,Online,Pune,20711.88
2899,Men,Basketball,LeBron 20,3,6531.36,0.0,19594.08,2025-05-17,Online,Mumbai,19594.08
2006,Men,Lifestyle,Waffle One,2,6191.01,0.0,12382.02,2023-09-26,Retail,Mumbai,12382.02
2904,Women,Soccer,Tiempo Legend,2,8644.67,0.54,17288.26,2025-04-29,Online,Bangalore,7953.1
2906,Women,Lifestyle,Waffle One,1,6191.01,0.0,6191.01,2024-08-25,Retail,Delhi,6191.01
2912,Kids,Running,React Infinity,2,9839.63,0.98,19677.3,2024-03-07,Online,Bangalore,393.59
2917,Men,Soccer,Phantom GT,1,3204.72,0.0,3204.72,2024-12-21,Retail,Bangalore,3204.72
2922,Kids,Soccer,Tiempo Legend,2,5521.21,1.2,11040.02,2025-01-16,Online,Kolkata,-2208.48
2928,Women,Lifestyle,Waffle One,3,6191.01,0.0,18573.03,2024-09-07,Online,Delhi,18573.03
2933,Women,Training,ZoomX Invincible,2,9501.17,0.0,19002.34,2024-04-13,Retail,hyderbad,19002.34
2935,Men,Lifestyle,Dunk Low,4,6258.21,0.0,25032.84,2024-05-13,Online,Hyderabad,25032.84
2936,Women,Training,Flex Trainer,1,6496.58,0.29,6496.29,2024-07-31,Retail,Pune,4612.57
2938,Kids,Soccer,Phantom GT,1,5413.61,0.0,5413.61,2025-01-14,Online,Delhi,5413.61
2942,Women,Training,Flex Trainer,4,5222.39,0.57,20887.28,2025-04-16,Online,Bangalore,8982.51
2049,Men,Training,Metcon 7,2,6226.83,1.08,12451.5,2024-12-04,Online,Bangalore,-996.29
2956,Kids,Training,ZoomX Invincible,4,7101.27,0.86,28401.64,2024-05-16,Online,Mumbai,3976.71
2958,Women,Lifestyle,Blazer Mid,4,7898.87,0.0,31595.48,2025-05-07,Online,Mumbai,31595.48
2966,Kids,Training,Flex Trainer,3,5456.64,0.0,16369.92,2025-02-27,Online,Pune,16369.92
2975,Kids,Soccer,Mercurial Superfly,1,5037.43,0.0,5037.43,2024-11-10,Online,Delhi,5037.43
2981,Kids,Soccer,Premier III,4,5185.52,0.0,20742.08,2025-01-10,Retail,Pune,20742.08
2989,Men,Soccer,Mercurial Superfly,1,6429.61,0.0,6429.61,2024-02-14,Online,Bangalore,6429.61
2993,Men,Soccer,Premier III,4,5509.83,0.0,22039.32,2024-10-13,Retail,Hyderabad,22039.32
3002,Women,Lifestyle,Waffle One,4,6191.01,0.0,24764.04,2024-11-22,Retail,Delhi,24764.04
3003,Men,Basketball,Zoom Freak,2,6361.42,0.0,12722.84,2023-08-03,Online,Bangalore,12722.84
3007,Women,Soccer,Tiempo Legend,1,7680.16,1.23,7678.93,2025-05-30,Online,Bangalore,-1766.44
3013,Kids,Basketball,Zoom Freak,4,6361.42,0.96,25441.84,2025-06-16,Retail,Kolkata,1017.83
3021,Women,Soccer,Mercurial Superfly,4,6059.33,0.42,24235.64,2023-09-21,Retail,Hyderabad,14057.65
3025,Kids,Lifestyle,Blazer Mid,4,5701.84,0.0,22807.36,2024-08-25,Retail,hyderbad,22807.36
3027,Women,Training,SuperRep Go,2,9593.27,0.0,19186.54,2024-10-25,Retail,Delhi,19186.54
3028,Kids,Running,Air Zoom,4,5837.53,0.0,23350.12,2025-01-29,Retail,Kolkata,23350.12
3030,Men,Soccer,Mercurial Superfly,3,6969.28,0.58,20906.1,2023-08-08,Online,Kolkata,8781.29
3031,Kids,Soccer,Premier III,4,8588.14,0.0,34352.56,2023-10-11,Online,Kolkata,34352.56
3036,Kids,Lifestyle,Dunk Low,2,2879.09,0.0,5758.18,2024-10-15,Retail,hyderbad,5758.18
3043,Men,Running,React Infinity,2,6903.96,0.0,13807.92,2025-04-11,Retail,Delhi,13807.92
3047,Women,Basketball,Kyrie Flytrap,3,6175.84,0.9,18524.82,2024-10-14,Online,Hyderabad,1852.75
3048,Women,Lifestyle,Waffle One,1,6191.01,0.23,6190.78,2025-07-17,Retail,Hyderabad,4767.08
3059,Women,Running,React Infinity,3,6903.96,1.0,20708.88,2025-06-19,Online,Hyderabad,0.0
3062,Women,Soccer,Phantom GT,1,6936.34,0.46,6935.88,2025-03-19,Retail,Mumbai,3745.62
3063,Kids,Running,Air Zoom,2,9676.61,0.0,19353.22,2025-04-20,Online,Mumbai,19353.22
3067,Men,Lifestyle,Blazer Mid,4,5701.84,0.0,22807.36,2024-03-05,Retail,hyderbad,22807.36
3068,Kids,Lifestyle,Air Force 1,4,4867.07,1.21,19463.44,2025-05-25,Online,Delhi,-4088.34
3069,Men,Training,Metcon 7,1,6226.83,1.23,6225.6,2025-04-13,Online,Hyderabad,-1432.17
3078,Men,Running,Free RN,1,2555.18,0.0,2555.18,2024-09-14,Online,Delhi,2555.18
3087,Kids,Lifestyle,Waffle One,3,2765.77,0.0,8297.31,2025-01-08,Retail,Bangalore,8297.31
3091,Women,Basketball,Air Jordan,1,8666.84,0.3,8666.54,2025-02-13,Online,Hyderabad,6066.79
3093,Women,Soccer,Tiempo Legend,3,5521.21,0.0,16563.63,2025-06-29,Retail,Kolkata,16563.63
3096,Men,Training,ZoomX Invincible,4,7101.27,0.9,28401.48,2025-03-05,Online,Hyderabad,2840.51
3100,Women,Training,ZoomX Invincible,4,7101.27,0.97,28401.2,2025-06-30,Retail,Mumbai,852.15
2021,Men,Lifestyle,Blazer Mid,3,3723.21,0.0,11169.63,2025-06-22,Online,Bangalore,11169.63
3103,Kids,Lifestyle,Blazer Mid,2,5701.84,0.0,11403.68,2025-01-06,Online,Mumbai,11403.68
3105,Women,Soccer,Phantom GT,4,5413.61,0.57,21652.16,2024-11-30,Online,Pune,9311.41
3114,Women,Running,React Infinity,1,7627.37,0.0,7627.37,2025-03-27,Retail,Bangalore,7627.37
3116,Kids,Basketball,Zoom Freak,3,6361.42,0.06,19084.08,2024-11-21,Retail,Kolkata,17939.2
3125,Kids,Soccer,Phantom GT,2,5413.61,0.7,10825.82,2025-03-10,Online,Bangalore,3248.17
3127,Men,Training,ZoomX Invincible,1,4614.33,0.47,4613.86,2024-10-07,Online,Pune,2445.59
3132,Kids,Lifestyle,Dunk Low,2,5073.69,0.0,10147.38,2025-07-12,Online,Hyderabad,10147.38
3135,Women,Soccer,Mercurial Superfly,3,4009.47,1.21,12024.78,2024-08-28,Online,Pune,-2525.97
3143,Men,Training,Flex Trainer,3,3938.59,0.98,11812.83,2024-08-23,Online,Mumbai,236.32
3146,Women,Soccer,Premier III,1,5509.83,0.0,5509.83,2024-12-29,Retail,Hyderabad,5509.83
3154,Kids,Running,Free RN,2,5603.46,0.95,11205.02,2025-04-21,Online,Delhi,560.35
3162,Men,Soccer,Tiempo Legend,2,5521.21,0.0,11042.42,2024-02-24,Online,Pune,11042.42
3163,Women,Running,Free RN,2,8204.14,0.0,16408.28,2025-06-22,Retail,Delhi,16408.28
3164,Men,Soccer,Premier III,4,5509.83,0.0,22039.32,2025-04-28,Online,Bangalore,22039.32
3165,Women,Soccer,Phantom GT,2,2530.29,0.29,5060.0,2025-02-17,Online,Kolkata,3593.01
3168,Women,Lifestyle,Air Force 1,2,6125.15,0.0,12250.3,2025-02-28,Retail,Delhi,12250.3
3179,Women,Training,SuperRep Go,3,5401.36,0.36,16203.0,2025-04-24,Online,Mumbai,10370.61
3189,Men,Basketball,LeBron 20,3,6730.48,0.33,20190.45,2025-02-08,Online,Kolkata,13528.26
3191,Kids,Soccer,Mercurial Superfly,4,6059.33,0.0,24237.32,2025-02-04,Retail,Pune,24237.32
3192,Kids,Running,Free RN,1,5603.46,0.0,5603.46,2025-03-16,Online,Pune,5603.46
3195,Men,Lifestyle,Blazer Mid,1,3259.95,0.0,3259.95,2025-03-09,Retail,Delhi,3259.95
3212,Kids,Soccer,Mercurial Superfly,4,7670.57,0.0,30682.28,2024-10-05,Retail,Kolkata,30682.28
3217,Men,Soccer,Tiempo Legend,1,4819.75,0.22,4819.53,2025-02-15,Retail,Pune,3759.41
3221,Women,Basketball,LeBron 20,2,9682.68,0.88,19363.6,2024-09-21,Online,Pune,2323.84
3224,Women,Soccer,Phantom GT,1,9872.38,0.18,9872.2,2025-03-18,Retail,Pune,8095.35
3226,Men,Soccer,Mercurial Superfly,2,4585.77,0.0,9171.54,2025-02-12,Retail,Pune,9171.54
3233,Men,Soccer,Phantom GT,1,4091.68,0.0,4091.68,2025-04-26,Retail,Hyderabad,4091.68
3236,Kids,Lifestyle,Blazer Mid,4,5701.84,0.68,22804.64,2025-07-21,Retail,hyderbad,7298.36
3237,Kids,Basketball,LeBron 20,3,5596.52,0.0,16789.56,2024-08-16,Retail,Mumbai,16789.56
3243,Men,Lifestyle,Air Force 1,3,6189.67,0.0,18569.01,2024-10-25,Retail,Pune,18569.01
3245,Women,Running,React Infinity,3,6903.96,0.0,20711.88,2024-05-19,Retail,Pune,20711.88
3249,Kids,Lifestyle,Blazer Mid,1,4738.25,0.0,4738.25,2025-02-25,Online,Bangalore,4738.25
3252,Men,Basketball,Zoom Freak,1,6361.42,0.0,6361.42,2024-03-26,Online,Mumbai,6361.42
3260,Men,Soccer,Mercurial Superfly,1,6059.33,0.0,6059.33,2025-06-28,Online,Mumbai,6059.33
3263,Women,Running,React Infinity,4,6903.96,0.0,27615.84,2025-02-23,Online,Mumbai,27615.84
3264,Men,Training,Metcon 7,2,6226.83,0.13,12453.4,2025-06-08,Online,Bangalore,10834.68
3265,Women,Soccer,Mercurial Superfly,4,6059.33,0.0,24237.32,2024-09-22,Retail,Bangalore,24237.32
3274,Men,Training,SuperRep Go,3,6031.14,0.15,18092.97,2025-05-03,Retail,hyderbad,15379.41
3275,Women,Soccer,Premier III,4,5509.83,0.0,22039.32,2025-05-27,Retail,Hyderabad,22039.32
3277,Men,Training,SuperRep Go,4,5401.36,0.0,21605.44,2024-09-05,Online,Bangalore,21605.44
3279,Kids,Soccer,Mercurial Superfly,4,2572.41,0.1,10289.24,2024-11-09,Retail,Delhi,9260.68
3282,Kids,Basketball,Air Jordan,4,6924.74,0.23,27698.04,2024-05-19,Retail,Delhi,21328.2
3283,Men,Soccer,Premier III,2,5509.83,0.0,11019.66,2024-10-18,Online,Mumbai,11019.66
3284,Women,Running,Free RN,4,5776.74,0.0,23106.96,2024-08-20,Online,Kolkata,23106.96
3285,Men,Training,Metcon 7,4,6226.83,0.0,24907.32,2024-10-05,Online,Hyderabad,24907.32
3288,Kids,Lifestyle,Dunk Low,4,6258.21,0.0,25032.84,2024-07-25,Retail,Delhi,25032.84
3300,Women,Basketball,Air Jordan,2,6924.74,0.0,13849.48,2024-12-18,Retail,Bangalore,13849.48
3303,Kids,Soccer,Tiempo Legend,2,6380.5,0.0,12761.0,2024-10-19,Online,Kolkata,12761.0
3310,Women,Running,Free RN,4,5603.46,0.21,22413.0,2025-04-18,Retail,Kolkata,17706.93
3312,Women,Basketball,Zoom Freak,1,8069.3,0.0,8069.3,2025-05-25,Retail,Pune,8069.3
3321,Kids,Soccer,Tiempo Legend,4,4986.67,1.07,19942.4,2025-01-15,Retail,Mumbai,-1396.27
3327,Men,Training,Flex Trainer,3,5456.64,0.0,16369.92,2025-03-10,Online,Bangalore,16369.92
3334,Kids,Soccer,Tiempo Legend,3,2471.71,0.0,7415.13,2023-11-14,Online,Mumbai,7415.13
3337,Men,Training,ZoomX Invincible,4,7101.27,0.0,28405.08,2024-10-10,Online,Delhi,28405.08
3340,Kids,Soccer,Premier III,3,3248.74,0.0,9746.22,2024-12-29,Retail,Mumbai,9746.22
3341,Kids,Training,Metcon 7,3,8387.99,0.0,25163.97,2024-03-23,Online,Bangalore,25163.97
2037,Women,Lifestyle,Dunk Low,4,6258.21,1.23,25027.92,2025-04-11,Online,Delhi,-5757.55
3343,Kids,Basketball,Air Jordan,3,9405.77,0.0,28217.31,2024-11-12,Retail,hyderbad,28217.31
3356,Women,Soccer,Tiempo Legend,4,5521.21,0.0,22084.84,2025-03-13,Online,Mumbai,22084.84
3357,Kids,Training,Flex Trainer,4,6206.45,0.5,24823.8,2025-04-05,Online,Delhi,12412.9
3360,Women,Training,Metcon 7,4,6226.83,0.06,24907.08,2024-07-31,Online,Bangalore,23412.88
3363,Women,Basketball,Kyrie Flytrap,3,4997.93,0.6,14991.99,2025-02-18,Online,Bangalore,5997.52
3371,Men,Training,Flex Trainer,1,2636.01,0.0,2636.01,2025-04-26,Retail,Delhi,2636.01
3374,Men,Training,Flex Trainer,4,4500.96,0.0,18003.84,2024-12-16,Online,Pune,18003.84
3379,Men,Basketball,Air Jordan,2,5000.49,0.86,9999.26,2024-10-23,Retail,Pune,1400.14
3381,Men,Training,ZoomX Invincible,1,7101.27,0.0,7101.27,2024-02-23,Retail,Mumbai,7101.27
3382,Men,Basketball,LeBron 20,2,9187.23,0.0,18374.46,2025-01-10,Retail,Hyderabad,18374.46
3387,Men,Soccer,Phantom GT,4,5413.61,1.07,21650.16,2025-06-21,Retail,Bangalore,-1515.81
3389,Women,Running,Air Zoom,3,9764.91,0.0,29294.73,2025-04-04,Online,Mumbai,29294.73
3391,Women,Soccer,Mercurial Superfly,2,6059.33,0.0,12118.66,2023-11-14,Retail,hyderbad,12118.66
3394,Kids,Lifestyle,Dunk Low,1,6258.21,0.0,6258.21,2024-11-03,Online,hyderbad,6258.21
3395,Women,Running,Free RN,3,5603.46,0.0,16810.38,2025-01-15,Online,Mumbai,16810.38
3398,Men,Basketball,LeBron 20,2,2082.49,0.0,4164.98,2023-08-27,Retail,Kolkata,4164.98
3409,Kids,Running,Air Zoom,1,6312.01,0.3,6311.71,2024-09-08,Retail,Delhi,4418.41
3413,Kids,Soccer,Phantom GT,2,5413.61,0.0,10827.22,2023-07-31,Online,hyderbad,10827.22
3414,Men,Lifestyle,Dunk Low,4,9996.22,0.0,39984.88,2025-01-21,Online,Mumbai,39984.88
3423,Kids,Basketball,Kyrie Flytrap,2,4997.93,0.0,9995.86,2024-08-06,Retail,Mumbai,9995.86
3428,Women,Basketball,Air Jordan,1,2825.86,0.23,2825.63,2024-12-03,Online,Bangalore,2175.91
3438,Women,Soccer,Phantom GT,3,5413.61,0.18,16240.29,2024-09-05,Retail,hyderbad,13317.48
3441,Kids,Running,Free RN,2,9313.98,0.0,18627.96,2025-05-08,Retail,Delhi,18627.96
3442,Kids,Basketball,Zoom Freak,4,6361.42,0.0,25445.68,2025-01-21,Online,Mumbai,25445.68
3450,Men,Running,React Infinity,3,6903.96,0.0,20711.88,2024-01-16,Retail,Bangalore,20711.88
3462,Women,Basketball,Kyrie Flytrap,3,2610.98,0.0,7832.94,2024-12-21,Retail,Bangalore,7832.94
3463,Women,Soccer,Phantom GT,1,5413.61,0.0,5413.61,2025-02-24,Retail,Pune,5413.61
3465,Men,Lifestyle,Dunk Low,2,6258.21,0.0,12516.42,2023-11-29,Online,Delhi,12516.42
3466,Men,Basketball,Kyrie Flytrap,2,6498.22,0.5,12995.44,2024-10-24,Retail,Mumbai,6498.22
3467,Men,Lifestyle,Air Force 1,2,6189.67,0.0,12379.34,2025-03-13,Online,Bangalore,12379.34
3469,Kids,Running,Air Zoom,1,4590.24,0.0,4590.24,2024-10-01,Online,Mumbai,4590.24
3473,Kids,Soccer,Premier III,4,3551.05,0.0,14204.2,2024-12-05,Online,Delhi,14204.2
3475,Kids,Soccer,Tiempo Legend,1,2120.44,0.0,2120.44,2024-07-29,Online,Mumbai,2120.44
3477,Men,Basketball,Air Jordan,2,4135.26,0.0,8270.52,2025-04-25,Online,Delhi,8270.52
3479,Women,Training,ZoomX Invincible,4,7101.27,0.0,28405.08,2024-09-16,Retail,Mumbai,28405.08
3481,Women,Lifestyle,Air Force 1,4,6189.67,0.0,24758.68,2023-10-15,Online,Bangalore,24758.68
3483,Men,Lifestyle,Air Force 1,4,4733.92,0.0,18935.68,2024-12-04,Online,Kolkata,18935.68
3485,Women,Lifestyle,Dunk Low,2,6258.21,0.0,12516.42,2024-12-14,Retail,Hyderabad,12516.42
3486,Kids,Training,SuperRep Go,4,5401.36,0.0,21605.44,2024-10-14,Retail,Delhi,21605.44
3488,Women,Soccer,Tiempo Legend,4,5521.21,0.0,22084.84,2025-03-12,Online,Kolkata,22084.84
3489,Kids,Running,React Infinity,2,6903.96,0.0,13807.92,2025-04-04,Online,Mumbai,13807.92
3496,Men,Running,Air Zoom,3,5899.31,0.77,17695.62,2024-10-08,Retail,Delhi,4070.52
3497,Women,Basketball,Zoom Freak,2,8688.92,0.0,17377.84,2024-12-08,Online,Mumbai,17377.84
3512,Kids,Basketball,Zoom Freak,4,6361.42,0.96,25441.84,2025-06-05,Retail,Pune,1017.83
3520,Women,Lifestyle,Waffle One,2,2080.85,1.24,4159.22,2024-03-22,Retail,Delhi,-998.81
3527,Men,Soccer,Phantom GT,3,5413.61,0.0,16240.83,2025-06-12,Online,Mumbai,16240.83
3529,Men,Training,SuperRep Go,1,5401.36,0.2,5401.16,2025-03-28,Retail,Delhi,4321.09
3534,Kids,Basketball,Zoom Freak,3,3280.57,0.62,9839.85,2024-11-09,Retail,Kolkata,3739.85
3537,Men,Lifestyle,Blazer Mid,2,5464.07,1.01,10926.12,2025-06-15,Online,Kolkata,-109.28
3543,Kids,Lifestyle,Dunk Low,2,6258.21,0.0,12516.42,2024-11-22,Retail,Pune,12516.42
3545,Men,Training,Flex Trainer,3,5456.64,0.0,16369.92,2023-08-03,Online,Delhi,16369.92
3548,Kids,Soccer,Phantom GT,3,5413.61,0.0,16240.83,2024-03-12,Online,Kolkata,16240.83
3552,Men,Running,React Infinity,4,6903.96,0.0,27615.84,2025-05-17,Retail,Mumbai,27615.84
3553,Women,Running,Air Zoom,2,5216.27,0.0,10432.54,2025-06-25,Online,Pune,10432.54
3555,Kids,Soccer,Phantom GT,2,5413.61,0.0,10827.22,2025-04-26,Retail,hyderbad,10827.22
3556,Women,Basketball,Kyrie Flytrap,4,4997.93,0.0,19991.72,2025-03-13,Retail,Kolkata,19991.72
3557,Kids,Basketball,Air Jordan,1,6924.74,0.66,6924.08,2024-08-09,Retail,Hyderabad,2354.41
3558,Women,Training,Flex Trainer,4,4045.21,0.0,16180.84,2024-08-30,Online,Mumbai,16180.84
3562,Women,Basketball,LeBron 20,1,5733.19,0.0,5733.19,2024-10-31,Retail,Delhi,5733.19
3573,Men,Basketball,Air Jordan,1,6830.98,0.39,6830.59,2025-03-18,Retail,Mumbai,4166.9
3576,Women,Lifestyle,Waffle One,2,3533.18,0.0,7066.36,2024-03-17,Retail,Bangalore,7066.36
3581,Women,Soccer,Phantom GT,4,5413.61,0.0,21654.44,2024-12-23,Retail,Kolkata,21654.44
3596,Men,Training,Metcon 7,2,6226.83,0.0,12453.66,2025-06-10,Online,Pune,12453.66
3605,Men,Soccer,Phantom GT,2,8837.76,0.0,17675.52,2025-01-09,Online,Hyderabad,17675.52
3606,Women,Basketball,LeBron 20,3,3515.86,0.0,10547.58,2025-02-14,Retail,Pune,10547.58
3610,Kids,Lifestyle,Dunk Low,2,6258.21,0.64,12515.14,2025-03-14,Online,Kolkata,4505.91
3612,Women,Running,Air Zoom,1,4632.0,0.0,4632.0,2025-06-22,Online,Mumbai,4632.0
3613,Men,Lifestyle,Blazer Mid,4,5701.84,0.0,22807.36,2024-08-16,Online,hyderbad,22807.36
3616,Kids,Lifestyle,Blazer Mid,1,9799.16,0.0,9799.16,2025-07-01,Retail,Kolkata,9799.16
3617,Men,Soccer,Premier III,2,4694.37,0.0,9388.74,2024-11-20,Online,Mumbai,9388.74
3618,Men,Soccer,Mercurial Superfly,3,2209.45,0.0,6628.35,2025-06-15,Retail,Kolkata,6628.35
3622,Women,Soccer,Premier III,3,2187.91,0.0,6563.73,2024-09-22,Online,hyderbad,6563.73
3632,Kids,Basketball,LeBron 20,1,5733.19,0.56,5732.63,2024-12-10,Retail,Bangalore,2522.6
3635,Men,Training,SuperRep Go,2,5401.36,0.0,10802.72,2025-03-22,Retail,Bangalore,10802.72
3636,Women,Soccer,Tiempo Legend,2,7881.53,0.0,15763.06,2023-12-19,Retail,Delhi,15763.06
3637,Women,Running,Pegasus Turbo,2,6577.39,0.0,13154.78,2025-05-29,Retail,Delhi,13154.78
3646,Men,Training,Flex Trainer,3,5456.64,0.0,16369.92,2025-04-21,Online,Bangalore,16369.92
3654,Women,Training,Metcon 7,3,6226.83,0.0,18680.49,2024-09-10,Retail,Pune,18680.49
3656,Men,Lifestyle,Waffle One,4,6191.01,0.0,24764.04,2025-06-11,Retail,Pune,24764.04
3666,Women,Running,Air Zoom,2,5899.31,1.18,11796.26,2025-04-07,Retail,Delhi,-2123.75
3668,Kids,Soccer,Premier III,1,5509.83,0.0,5509.83,2024-10-27,Retail,Mumbai,5509.83
3672,Women,Soccer,Tiempo Legend,3,7127.18,0.32,21380.58,2024-08-16,Online,Delhi,14539.45
3675,Men,Running,Pegasus Turbo,2,6442.2,0.0,12884.4,2024-11-13,Online,Delhi,12884.4
3678,Women,Lifestyle,Waffle One,3,6191.01,0.0,18573.03,2024-08-14,Online,Kolkata,18573.03
3680,Men,Training,Flex Trainer,3,8835.41,0.92,26503.47,2025-01-27,Retail,Delhi,2120.5
3683,Women,Soccer,Premier III,2,5509.83,0.0,11019.66,2024-05-15,Retail,Kolkata,11019.66
3688,Kids,Running,React Infinity,1,5048.98,0.0,5048.98,2025-04-17,Retail,Kolkata,5048.98
2028,Kids,Soccer,Phantom GT,2,5413.61,0.97,10825.28,2025-05-15,Retail,Pune,324.82
3691,Men,Soccer,Premier III,4,5509.83,0.51,22037.28,2025-03-28,Online,Bangalore,10799.27
3706,Men,Running,Pegasus Turbo,1,9437.73,0.0,9437.73,2025-03-09,Retail,hyderbad,9437.73
3707,Kids,Lifestyle,Waffle One,4,9532.8,0.0,38131.2,2025-02-01,Online,Mumbai,38131.2
3711,Kids,Basketball,Zoom Freak,2,6361.42,0.53,12721.78,2023-12-28,Online,Delhi,5979.73
3714,Kids,Soccer,Tiempo Legend,2,3568.35,0.0,7136.7,2025-02-21,Retail,Mumbai,7136.7
3715,Men,Lifestyle,Air Force 1,4,6189.67,0.0,24758.68,2025-06-23,Online,Bangalore,24758.68
3719,Men,Running,Free RN,2,5943.38,0.23,11886.3,2025-06-21,Online,Bangalore,9152.81
3722,Kids,Training,ZoomX Invincible,1,9335.0,0.22,9334.78,2023-11-21,Retail,Mumbai,7281.3
3724,Kids,Basketball,LeBron 20,2,5733.19,0.0,11466.38,2025-01-22,Online,Bangalore,11466.38
2016,Women,Training,Metcon 7,2,6226.83,0.0,12453.66,2024-03-15,Retail,Delhi,12453.66
3738,Men,Soccer,Premier III,1,6968.08,0.02,6968.06,2025-03-30,Online,Delhi,6828.72
3741,Kids,Lifestyle,Air Force 1,2,8927.22,0.2,17854.04,2025-07-13,Retail,Kolkata,14283.55
3747,Men,Lifestyle,Air Force 1,4,5776.58,0.0,23106.32,2025-06-08,Retail,Hyderabad,23106.32
3753,Kids,Training,ZoomX Invincible,2,9315.06,1.03,18628.06,2025-03-30,Online,Hyderabad,-558.9
3754,Kids,Running,Free RN,3,4288.27,0.0,12864.81,2024-09-29,Online,Bangalore,12864.81
3755,Women,Soccer,Phantom GT,4,2342.16,0.25,9367.64,2025-04-20,Retail,Mumbai,7026.48
3758,Kids,Running,Pegasus Turbo,3,4306.67,0.0,12920.01,2025-05-10,Retail,Delhi,12920.01
3761,Women,Basketball,Zoom Freak,4,2972.38,0.14,11888.96,2024-11-18,Online,Hyderabad,10224.99
3762,Men,Lifestyle,Air Force 1,1,2725.1,0.0,2725.1,2025-07-06,Retail,Mumbai,2725.1
3764,Men,Lifestyle,Blazer Mid,2,3953.6,0.0,7907.2,2024-02-22,Online,Kolkata,7907.2
3765,Kids,Running,Pegasus Turbo,3,6442.2,0.44,19325.28,2024-09-02,Online,Hyderabad,10822.9
3767,Kids,Training,Flex Trainer,1,5456.64,0.2,5456.44,2025-05-08,Retail,Mumbai,4365.31
3770,Women,Running,Free RN,4,5603.46,0.36,22412.4,2024-02-03,Retail,Mumbai,14344.86
3772,Women,Soccer,Mercurial Superfly,3,8140.47,0.0,24421.41,2024-11-23,Retail,Pune,24421.41
3789,Women,Lifestyle,Air Force 1,2,2738.79,0.0,5477.58,2024-08-11,Retail,hyderbad,5477.58
3790,Men,Basketball,Air Jordan,2,6924.74,0.0,13849.48,2025-07-13,Retail,Mumbai,13849.48
3794,Men,Training,Flex Trainer,3,9360.87,0.0,28082.61,2025-04-18,Online,Pune,28082.61
3795,Men,Soccer,Phantom GT,4,5413.61,1.03,21650.32,2024-09-20,Retail,Hyderabad,-649.63
3796,Women,Basketball,Zoom Freak,4,6165.64,0.16,24661.92,2024-12-22,Online,Delhi,20716.55
3803,Men,Basketball,Zoom Freak,3,6361.42,1.07,19081.05,2025-04-26,Online,Mumbai,-1335.9
3807,Kids,Lifestyle,Dunk Low,3,6258.21,0.0,18774.63,2025-05-11,Retail,Hyderabad,18774.63
3813,Men,Lifestyle,Waffle One,3,6191.01,0.0,18573.03,2025-05-09,Online,Mumbai,18573.03
3815,Women,Training,Flex Trainer,3,5456.64,0.0,16369.92,2025-04-16,Online,Kolkata,16369.92
3819,Kids,Basketball,Zoom Freak,3,7171.03,0.0,21513.09,2025-05-27,Retail,Kolkata,21513.09
3830,Kids,Soccer,Phantom GT,2,3664.1,0.0,7328.2,2024-09-04,Retail,Hyderabad,7328.2
3844,Women,Training,Metcon 7,1,6226.83,0.32,6226.51,2024-08-29,Online,Mumbai,4234.24
3850,Women,Training,SuperRep Go,1,5401.36,0.0,5401.36,2025-06-16,Retail,Delhi,5401.36
3852,Men,Lifestyle,Air Force 1,1,7834.8,0.0,7834.8,2024-10-17,Online,Kolkata,7834.8
3858,Kids,Lifestyle,Waffle One,2,6191.01,0.87,12380.28,2024-09-07,Online,Bangalore,1609.66
3859,Kids,Lifestyle,Blazer Mid,3,5701.84,0.0,17105.52,2024-11-20,Retail,Mumbai,17105.52
3860,Men,Basketball,LeBron 20,3,5733.19,0.0,17199.57,2025-04-04,Online,Mumbai,17199.57
3862,Kids,Lifestyle,Dunk Low,1,6258.21,0.61,6257.6,2023-11-17,Online,Delhi,2440.7
3866,Women,Basketball,LeBron 20,3,5733.19,0.64,17197.65,2025-02-14,Retail,Kolkata,6191.85
3871,Women,Training,SuperRep Go,3,5401.36,0.0,16204.08,2024-09-17,Retail,Delhi,16204.08
3874,Women,Basketball,LeBron 20,4,3305.6,0.7,13219.6,2024-08-27,Online,Kolkata,3966.72
3885,Men,Training,Metcon 7,2,6226.83,0.0,12453.66,2024-11-10,Online,Bangalore,12453.66
3887,Women,Basketball,Zoom Freak,4,6361.42,0.0,25445.68,2025-06-07,Online,Mumbai,25445.68
3898,Men,Basketball,LeBron 20,1,5733.19,0.07,5733.12,2025-02-27,Retail,Hyderabad,5331.87
3900,Men,Basketball,Zoom Freak,3,9599.44,0.0,28798.32,2024-11-01,Retail,Delhi,28798.32
3904,Kids,Soccer,Phantom GT,2,7775.87,0.0,15551.74,2025-05-28,Retail,Bangalore,15551.74
3906,Men,Lifestyle,Dunk Low,4,7588.77,0.14,30354.52,2024-09-04,Online,hyderbad,26105.37
3911,Men,Soccer,Premier III,1,5598.98,0.0,5598.98,2025-05-07,Retail,Mumbai,5598.98
3913,Kids,Training,ZoomX Invincible,1,5255.09,0.0,5255.09,2024-06-12,Retail,Delhi,5255.09
3914,Kids,Soccer,Tiempo Legend,2,5521.21,0.0,11042.42,2024-10-29,Retail,Delhi,11042.42
3915,Men,Running,Free RN,2,7962.36,0.0,15924.72,2025-03-12,Online,Pune,15924.72
3925,Kids,Basketball,LeBron 20,2,5733.19,0.23,11465.92,2025-04-19,Retail,hyderbad,8829.11
3926,Men,Lifestyle,Dunk Low,2,4791.86,0.0,9583.72,2024-11-08,Online,Mumbai,9583.72
3929,Kids,Running,Free RN,1,4199.97,0.9,4199.07,2025-05-14,Retail,Mumbai,420.0
3932,Kids,Training,SuperRep Go,4,4520.97,0.54,18081.72,2025-06-10,Retail,Bangalore,8318.58
3933,Men,Training,SuperRep Go,4,5401.36,0.0,21605.44,2025-01-25,Online,Pune,21605.44
3936,Kids,Lifestyle,Blazer Mid,3,3544.33,0.0,10632.99,2023-07-28,Retail,Pune,10632.99
3942,Men,Lifestyle,Blazer Mid,1,3283.25,0.0,3283.25,2024-04-27,Online,Delhi,3283.25
3947,Men,Training,SuperRep Go,2,5401.36,0.0,10802.72,2024-07-29,Retail,Kolkata,10802.72
2042,Kids,Soccer,Tiempo Legend,4,8290.97,0.0,33163.88,2024-12-30,Online,Delhi,33163.88
3955,Kids,Training,SuperRep Go,3,5401.36,0.0,16204.08,2025-01-16,Retail,Pune,16204.08
3956,Women,Lifestyle,Air Force 1,2,6189.67,0.0,12379.34,2025-03-06,Online,Hyderabad,12379.34
3958,Women,Lifestyle,Dunk Low,4,8614.93,0.0,34459.72,2024-03-23,Retail,Kolkata,34459.72
3959,Kids,Lifestyle,Dunk Low,4,6091.98,0.0,24367.92,2025-01-12,Retail,Mumbai,24367.92
3972,Men,Running,Pegasus Turbo,1,6442.2,0.0,6442.2,2024-12-20,Retail,Bangalore,6442.2
3974,Men,Lifestyle,Dunk Low,4,6258.21,0.0,25032.84,2024-03-22,Retail,Delhi,25032.84
3975,Women,Soccer,Tiempo Legend,3,5521.21,0.0,16563.63,2025-03-22,Retail,Mumbai,16563.63
3976,Men,Training,SuperRep Go,4,7534.51,1.05,30133.84,2024-12-12,Retail,Delhi,-1506.9
3978,Women,Training,Flex Trainer,2,9847.52,0.0,19695.04,2024-09-11,Retail,Delhi,19695.04
3979,Men,Training,ZoomX Invincible,3,7101.27,0.5,21302.31,2025-06-11,Online,Pune,10651.91
2048,Kids,Basketball,Air Jordan,2,8918.66,1.19,17834.94,2024-02-14,Retail,Delhi,-3389.09
3986,Kids,Running,Air Zoom,1,5899.31,0.0,5899.31,2024-11-10,Retail,Mumbai,5899.31
3987,Kids,Basketball,Zoom Freak,2,6361.42,0.0,12722.84,2024-08-18,Retail,Hyderabad,12722.84
3988,Kids,Lifestyle,Blazer Mid,4,7945.46,0.67,31779.16,2024-10-10,Online,Pune,10488.01
3994,Kids,Basketball,Air Jordan,4,6924.74,0.0,27698.96,2025-04-12,Retail,Bangalore,27698.96
3997,Women,Lifestyle,Waffle One,4,6191.01,0.0,24764.04,2024-01-24,Retail,Hyderabad,24764.04
4008,Men,Basketball,LeBron 20,3,7737.27,0.07,23211.6,2023-12-15,Retail,Hyderabad,21586.98
4011,Women,Running,Air Zoom,4,4909.56,0.0,19638.24,2025-07-04,Retail,Bangalore,19638.24
4013,Women,Basketball,LeBron 20,2,3794.99,0.0,7589.98,2025-07-04,Online,hyderbad,7589.98
4015,Men,Lifestyle,Air Force 1,4,5505.76,0.0,22023.04,2025-07-05,Online,Bangalore,22023.04
4028,Women,Running,Pegasus Turbo,3,6442.2,1.06,19323.42,2025-01-12,Retail,Delhi,-1159.6
2020,Men,Running,Air Zoom,2,5614.96,0.0,11229.92,2025-03-05,Online,Kolkata,11229.92
4041,Men,Running,Pegasus Turbo,2,6442.2,0.0,12884.4,2024-09-09,Online,Mumbai,12884.4
4043,Kids,Running,Air Zoom,4,5235.22,0.51,20938.84,2025-05-28,Online,hyderbad,10261.03
4053,Women,Soccer,Phantom GT,2,5413.61,0.0,10827.22,2025-03-02,Retail,Pune,10827.22
4059,Kids,Basketball,Air Jordan,1,9700.41,1.24,9699.17,2025-02-03,Retail,Delhi,-2328.1
4064,Men,Basketball,Air Jordan,4,6924.74,0.38,27697.44,2024-09-24,Retail,Hyderabad,17173.36
4066,Kids,Running,React Infinity,4,6599.26,0.85,26393.64,2025-06-29,Retail,Bangalore,3959.56
4067,Men,Soccer,Mercurial Superfly,4,7408.31,0.0,29633.24,2025-05-17,Online,Bangalore,29633.24
4073,Kids,Training,Flex Trainer,2,5732.59,0.0,11465.18,2024-11-30,Online,Kolkata,11465.18
4085,Men,Lifestyle,Dunk Low,4,6258.21,1.19,25028.08,2025-01-21,Online,Bangalore,-4756.24
4086,Women,Running,Air Zoom,3,4537.02,0.0,13611.06,2025-04-03,Online,Pune,13611.06
4088,Men,Training,Flex Trainer,2,5649.73,0.41,11298.64,2025-03-16,Retail,Mumbai,6666.68
4104,Kids,Basketball,Zoom Freak,2,6361.42,0.0,12722.84,2025-07-16,Online,Bangalore,12722.84
4107,Kids,Running,React Infinity,2,6903.96,0.0,13807.92,2025-04-27,Retail,hyderbad,13807.92
4108,Kids,Running,Pegasus Turbo,2,2767.55,0.19,5534.72,2023-11-25,Online,Kolkata,4483.43
4110,Men,Training,Metcon 7,2,6226.83,0.41,12452.84,2024-08-26,Retail,Hyderabad,7347.66
4113,Kids,Basketball,Zoom Freak,2,6435.66,1.05,12869.22,2025-05-12,Online,Bangalore,-643.57
4114,Kids,Training,Metcon 7,4,4307.83,0.0,17231.32,2025-07-13,Retail,Bangalore,17231.32
4118,Kids,Basketball,LeBron 20,4,5355.64,0.0,21422.56,2025-05-21,Retail,Mumbai,21422.56
4122,Kids,Lifestyle,Dunk Low,1,6258.21,0.0,6258.21,2025-06-18,Retail,Mumbai,6258.21
4124,Kids,Basketball,LeBron 20,1,5733.19,0.0,5733.19,2023-10-16,Online,Delhi,5733.19
4133,Men,Basketball,Air Jordan,3,4105.06,0.0,12315.18,2024-11-09,Online,Mumbai,12315.18
4135,Men,Training,SuperRep Go,2,3860.5,0.0,7721.0,2024-10-14,Retail,Delhi,7721.0
4147,Men,Basketball,Zoom Freak,1,7659.09,0.0,7659.09,2024-11-26,Online,Delhi,7659.09
4148,Kids,Soccer,Phantom GT,3,5943.25,0.0,17829.75,2025-07-18,Retail,Pune,17829.75
4149,Women,Training,SuperRep Go,4,5716.52,0.0,22866.08,2024-09-14,Retail,Pune,22866.08
4152,Men,Basketball,Kyrie Flytrap,1,4997.93,0.0,4997.93,2024-08-07,Online,Mumbai,4997.93
4153,Women,Running,Pegasus Turbo,2,6442.2,0.0,12884.4,2025-02-13,Retail,Kolkata,12884.4
4157,Men,Basketball,Zoom Freak,3,6361.42,0.0,19084.26,2025-07-09,Retail,Delhi,19084.26
4165,Women,Training,SuperRep Go,1,5401.36,0.26,5401.1,2024-11-20,Online,Bangalore,3997.01
4168,Kids,Running,Free RN,4,5603.46,0.0,22413.84,2024-06-09,Retail,Mumbai,22413.84
4172,Women,Soccer,Mercurial Superfly,1,6059.33,0.0,6059.33,2025-01-21,Retail,Bangalore,6059.33
4176,Women,Training,ZoomX Invincible,1,7101.27,0.0,7101.27,2023-09-02,Retail,Hyderabad,7101.27
4181,Women,Running,Free RN,3,5603.46,0.0,16810.38,2025-04-05,Retail,Delhi,16810.38
4182,Men,Lifestyle,Dunk Low,1,9335.57,0.0,9335.57,2024-12-02,Retail,Mumbai,9335.57
4183,Men,Lifestyle,Air Force 1,2,8647.63,0.0,17295.26,2025-03-23,Retail,Pune,17295.26
4185,Women,Training,ZoomX Invincible,3,7101.27,0.0,21303.81,2025-02-01,Online,hyderbad,21303.81
4193,Kids,Basketball,Kyrie Flytrap,1,4997.93,0.0,4997.93,2024-12-04,Online,Mumbai,4997.93
4201,Kids,Running,React Infinity,3,6903.96,0.0,20711.88,2025-05-09,Retail,Kolkata,20711.88
4202,Men,Training,SuperRep Go,4,4996.25,0.0,19985.0,2025-05-16,Online,Pune,19985.0
4209,Women,Running,Air Zoom,1,5899.31,0.0,5899.31,2023-12-03,Online,Kolkata,5899.31
4212,Men,Running,React Infinity,3,6903.96,0.9,20709.18,2023-07-29,Online,Kolkata,2071.19
4215,Men,Training,Flex Trainer,3,7213.51,0.0,21640.53,2025-07-13,Online,Kolkata,21640.53
4220,Kids,Lifestyle,Dunk Low,2,2290.64,0.84,4579.6,2025-01-31,Retail,Delhi,733.0
4223,Kids,Soccer,Mercurial Superfly,1,6059.33,0.31,6059.02,2025-02-04,Retail,Bangalore,4180.94
4228,Kids,Training,SuperRep Go,3,5401.36,0.0,16204.08,2025-05-12,Retail,Kolkata,16204.08
4229,Kids,Running,Free RN,4,5603.46,0.0,22413.84,2025-06-20,Online,Pune,22413.84
4231,Kids,Lifestyle,Blazer Mid,2,6652.23,1.09,13302.28,2024-01-08,Online,Pune,-1197.4
4235,Kids,Basketball,Zoom Freak,4,3417.98,0.0,13671.92,2025-04-18,Online,Bangalore,13671.92
4237,Men,Basketball,LeBron 20,1,5733.19,0.0,5733.19,2025-02-15,Online,Delhi,5733.19
4238,Men,Soccer,Phantom GT,2,6489.35,0.0,12978.7,2024-12-14,Online,Hyderabad,12978.7
4245,Kids,Basketball,Zoom Freak,3,6361.42,0.17,19083.75,2024-12-12,Online,Delhi,15839.94
4247,Kids,Training,Flex Trainer,1,5456.64,0.69,5455.95,2025-02-26,Retail,Kolkata,1691.56
4249,Kids,Training,Flex Trainer,1,2902.95,0.6,2902.35,2024-10-11,Retail,Bangalore,1161.18
4251,Kids,Basketball,LeBron 20,1,5733.19,0.59,5732.6,2024-01-07,Retail,Mumbai,2350.61
4256,Women,Soccer,Tiempo Legend,4,5521.21,0.52,22082.76,2024-12-18,Online,Hyderabad,10600.72
4263,Men,Running,React Infinity,3,4641.58,0.0,13924.74,2025-06-30,Retail,Delhi,13924.74
4266,Men,Lifestyle,Waffle One,3,6191.01,0.0,18573.03,2025-07-04,Online,Mumbai,18573.03
4273,Kids,Soccer,Phantom GT,3,3407.16,0.0,10221.48,2025-01-20,Retail,Mumbai,10221.48
4276,Men,Basketball,Kyrie Flytrap,3,4997.93,0.0,14993.79,2025-02-05,Retail,Bangalore,14993.79
4283,Men,Training,ZoomX Invincible,1,9649.36,0.95,9648.41,2025-02-26,Retail,Bangalore,482.47
4285,Kids,Lifestyle,Waffle One,4,6191.01,0.0,24764.04,2024-11-28,Retail,Pune,24764.04
4292,Men,Training,ZoomX Invincible,2,7101.27,0.23,14202.08,2024-11-24,Online,Delhi,10935.96
4295,Women,Basketball,Air Jordan,4,4469.12,0.0,17876.48,2025-03-15,Retail,Mumbai,17876.48
4298,Men,Running,React Infinity,4,6903.96,0.37,27614.36,2024-08-13,Online,Mumbai,17397.98
4311,Men,Training,SuperRep Go,3,5401.36,0.46,16202.7,2023-08-16,Retail,Bangalore,8750.2
4314,Kids,Lifestyle,Blazer Mid,4,8823.88,0.0,35295.52,2025-07-22,Online,Hyderabad,35295.52
4315,Women,Lifestyle,Dunk Low,4,4080.51,0.0,16322.04,2024-03-04,Retail,Pune,16322.04
2003,Men,Lifestyle,Blazer Mid,3,5701.84,0.36,17104.44,2024-08-16,Retail,Delhi,10947.53
4330,Kids,Lifestyle,Air Force 1,1,4087.76,0.0,4087.76,2025-07-17,Retail,Bangalore,4087.76
4331,Women,Training,SuperRep Go,2,4574.53,0.04,9148.98,2025-01-03,Retail,Kolkata,8783.1
4358,Kids,Basketball,LeBron 20,2,5733.19,0.43,11465.52,2024-10-18,Online,Mumbai,6535.84
4363,Kids,Basketball,Air Jordan,2,6924.74,0.75,13847.98,2024-11-24,Online,Delhi,3462.37
4368,Women,Soccer,Tiempo Legend,3,5481.64,1.18,16441.38,2024-10-12,Retail,Delhi,-2960.09
4370,Women,Running,Pegasus Turbo,2,5046.05,0.38,10091.34,2024-10-13,Retail,Mumbai,6257.1
4374,Women,Basketball,Zoom Freak,3,6361.42,0.0,19084.26,2024-11-19,Retail,Pune,19084.26
4378,Men,Training,Flex Trainer,4,2620.09,0.0,10480.36,2024-08-29,Online,Mumbai,10480.36
4382,Kids,Soccer,Mercurial Superfly,2,6059.33,0.0,12118.66,2024-11-24,Retail,Hyderabad,12118.66
4386,Kids,Basketball,Zoom Freak,2,3432.35,0.34,6864.02,2025-06-14,Online,Bangalore,4530.7
4387,Women,Lifestyle,Dunk Low,4,2616.9,0.0,10467.6,2025-03-27,Retail,Delhi,10467.6
4395,Kids,Running,Air Zoom,2,5282.31,0.0,10564.62,2025-04-20,Online,Mumbai,10564.62
4396,Kids,Soccer,Phantom GT,2,2392.41,0.0,4784.82,2025-01-30,Online,Pune,4784.82
4398,Men,Soccer,Premier III,2,5509.83,0.0,11019.66,2024-06-29,Online,Delhi,11019.66
4400,Women,Lifestyle,Air Force 1,4,7798.57,0.28,31193.16,2025-05-27,Retail,Kolkata,22459.88
4402,Women,Soccer,Premier III,1,5509.83,0.38,5509.45,2024-11-19,Online,Mumbai,3416.09
4412,Kids,Lifestyle,Blazer Mid,1,5701.84,0.0,5701.84,2025-05-25,Online,Kolkata,5701.84
4420,Women,Lifestyle,Blazer Mid,4,4904.79,1.19,19614.4,2023-11-08,Retail,Pune,-3727.64
4423,Men,Running,Free RN,1,5381.5,0.0,5381.5,2025-01-03,Retail,Pune,5381.5
4426,Men,Lifestyle,Blazer Mid,1,5701.84,0.0,5701.84,2024-12-02,Online,Pune,5701.84
4427,Women,Lifestyle,Dunk Low,2,8546.9,0.0,17093.8,2024-11-04,Retail,Pune,17093.8
4428,Kids,Lifestyle,Waffle One,2,6191.01,0.0,12382.02,2025-04-04,Online,Hyderabad,12382.02
4429,Kids,Soccer,Premier III,2,5509.83,0.49,11018.68,2025-01-18,Retail,Kolkata,5620.03
4430,Kids,Basketball,Kyrie Flytrap,2,4997.93,0.15,9995.56,2025-05-16,Retail,Bangalore,8496.48
4434,Men,Basketball,Zoom Freak,3,3844.82,0.0,11534.46,2025-02-09,Online,hyderbad,11534.46
4436,Men,Training,SuperRep Go,4,2720.7,0.0,10882.8,2025-04-08,Online,Pune,10882.8
4437,Men,Basketball,Kyrie Flytrap,2,4997.93,0.0,9995.86,2023-11-25,Retail,Hyderabad,9995.86
4441,Kids,Soccer,Premier III,3,5509.83,0.0,16529.49,2024-05-05,Retail,Kolkata,16529.49
4443,Men,Lifestyle,Dunk Low,3,7953.0,1.21,23855.37,2025-05-12,Retail,Hyderabad,-5010.39
4444,Men,Running,React Infinity,4,6903.96,0.36,27614.4,2024-10-04,Online,Kolkata,17674.14
4445,Women,Training,Metcon 7,1,5915.27,0.12,5915.15,2024-12-15,Retail,Mumbai,5205.44
4446,Men,Soccer,Mercurial Superfly,2,3469.31,0.28,6938.06,2025-01-26,Retail,Pune,4995.81
2030,Women,Basketball,Air Jordan,2,6924.74,0.0,13849.48,2025-06-10,Retail,Mumbai,13849.48
4452,Women,Lifestyle,Blazer Mid,1,5701.84,0.0,5701.84,2025-04-27,Online,Bangalore,5701.84
4453,Men,Training,Flex Trainer,1,5456.64,0.0,5456.64,2025-05-26,Retail,Bangalore,5456.64
4456,Women,Basketball,Kyrie Flytrap,1,4997.93,0.32,4997.61,2023-12-16,Retail,Hyderabad,3398.59
4463,Men,Soccer,Premier III,3,8317.53,0.6,24950.79,2025-06-07,Retail,Pune,9981.04
2019,Men,Basketball,LeBron 20,3,5733.19,0.85,17197.02,2024-08-13,Online,Delhi,2579.94
4468,Men,Soccer,Premier III,3,6077.13,1.13,18228.0,2023-11-27,Online,Mumbai,-2370.08
4472,Women,Basketball,LeBron 20,2,6833.94,0.0,13667.88,2024-08-12,Online,Hyderabad,13667.88
4482,Kids,Soccer,Phantom GT,2,5413.61,0.0,10827.22,2024-07-16,Online,Mumbai,10827.22
4484,Men,Basketball,Air Jordan,3,5981.92,0.8,17943.36,2024-12-12,Retail,hyderbad,3589.15
4488,Women,Training,Flex Trainer,2,5456.64,0.0,10913.28,2024-12-16,Retail,Pune,10913.28
4489,Kids,Lifestyle,Blazer Mid,3,5701.84,1.15,17102.07,2025-04-02,Retail,Bangalore,-2565.83
4493,Women,Lifestyle,Blazer Mid,4,5701.84,0.0,22807.36,2024-10-04,Online,Mumbai,22807.36
4495,Kids,Basketball,Kyrie Flytrap,3,4997.93,0.0,14993.79,2025-05-14,Online,Pune,14993.79
4498,Women,Training,ZoomX Invincible,4,5358.7,0.0,21434.8,2024-12-11,Online,Mumbai,21434.8
